id,firstname,lastname,cityId,cityName
104,Genovera,Sparhawk,1,Douglas
105,Harrietta,Halla,1,Douglas
134,Madelle,Chesna,1,Douglas
137,Nita,Sandye,1,Douglas
142,Bibby,MacIntosh,1,Douglas
150,Stevana,Cottle,1,Douglas
162,Britte,Pyle,1,Douglas
172,Cherilyn,Bivins,1,Douglas
190,Jobi,Persse,1,Douglas
196,Sashenka,Sibyls,1,Douglas
200,Mary,Kauppi,1,Douglas
213,Yetty,Swanhildas,1,Douglas
228,Kittie,Arley,1,Douglas
236,Tani,Reidar,1,Douglas
255,Loree,Dannye,1,Douglas
270,Dagmar,Schenck,1,Douglas
285,Wileen,Natalia,1,Douglas
291,Kimberley,Hoban,1,Douglas
294,Bill,Hillel,1,Douglas
305,Tressa,Berriman,1,Douglas
320,Janey,McNully,1,Douglas
325,Florie,Stilwell,1,Douglas
330,Elena,August,1,Douglas
331,Wilma,Obed,1,Douglas
367,Dorthy,Jorgan,1,Douglas
398,Theodora,Lory,1,Douglas
404,Fredericka,Marsden,1,Douglas
405,Valli,Cordi,1,Douglas
413,Berget,Elsinore,1,Douglas
439,Meghann,Daniele,1,Douglas
448,Bibby,Amand,1,Douglas
460,Dacia,Guildroy,1,Douglas
461,Laure,Stevy,1,Douglas
463,Chere,Ralfston,1,Douglas
468,Chere,Raseda,1,Douglas
469,Arlina,Tannie,1,Douglas
470,Mildrid,Lia,1,Douglas
475,Kristina,Winnick,1,Douglas
476,Thalia,Shuler,1,Douglas
485,Olwen,Docilla,1,Douglas
504,Kaja,Thunell,1,Douglas
522,Ida,Fleeta,1,Douglas
524,Brooks,Stevy,1,Douglas
536,Caritta,Ader,1,Douglas
548,Anica,Pelagias,1,Douglas
558,Alameda,Grosz,1,Douglas
561,Meghann,Screens,1,Douglas
572,Melanie,Jehu,1,Douglas
583,Camile,Olin,1,Douglas
590,Anestassia,Hurley,1,Douglas
591,Annora,Wareing,1,Douglas
594,Anica,Lowry,1,Douglas
116,Flo,Donell,2,Accra
181,Gerrie,Sidonius,2,Accra
185,Kristan,Jess,2,Accra
201,Rayna,Cressida,2,Accra
205,Cecile,Lauraine,2,Accra
219,Orelia,Gerge,2,Accra
230,Eve,Hillel,2,Accra
257,Yvonne,Ciro,2,Accra
268,Marcelline,Jess,2,Accra
274,Elora,Nelsen,2,Accra
278,Sadie,Nikaniki,2,Accra
284,Molli,Anselmi,2,Accra
290,Ayn,Virgin,2,Accra
297,Georgetta,O'Neill,2,Accra
298,Marika,Hathaway,2,Accra
308,Danika,Jalbert,2,Accra
341,Jeanna,Martsen,2,Accra
345,Iseabal,Robertson,2,Accra
373,Dari,Hachmin,2,Accra
383,Binny,Bury,2,Accra
397,Nonnah,Lipson,2,Accra
399,Ashlee,Cohdwell,2,Accra
408,Ronna,Maroney,2,Accra
412,Marita,Hubert,2,Accra
417,Binny,Cressida,2,Accra
422,Sean,Magnolia,2,Accra
431,Norine,Kamaria,2,Accra
446,Berget,Hachmin,2,Accra
447,Moyna,Levey,2,Accra
449,Katuscha,Bobbee,2,Accra
462,Brana,Nedrud,2,Accra
465,Florencia,Forrer,2,Accra
482,Margalo,Phyllis,2,Accra
492,Juliane,Izaak,2,Accra
513,Elvira,Lea,2,Accra
528,Evaleen,Haerr,2,Accra
531,Gisela,Darrell,2,Accra
551,Fernande,Ventre,2,Accra
560,Paule,Marcellus,2,Accra
577,Lenna,Bohlin,2,Accra
592,Dennie,Pattin,2,Accra
593,Ellette,McClimans,2,Accra
102,Sharai,Arathorn,3,Vitória
106,Tamqrah,Schroth,3,Vitória
126,Chickie,Carleen,3,Vitória
129,Selma,Gemini,3,Vitória
131,Darlleen,Glenden,3,Vitória
138,Lanae,Morehouse,3,Vitória
146,Kathi,Holbrook,3,Vitória
156,Yvonne,Peti,3,Vitória
168,Tobe,Orlene,3,Vitória
177,Karly,Genna,3,Vitória
182,Berget,Corilla,3,Vitória
188,Doro,Tacye,3,Vitória
193,Cristine,Peti,3,Vitória
211,Ninnetta,Papageno,3,Vitória
216,Viki,Magnolia,3,Vitória
239,Sindee,Kazimir,3,Vitória
240,Britni,Dulciana,3,Vitória
242,Giustina,Carri,3,Vitória
244,Katleen,Phaidra,3,Vitória
252,Ninnetta,Vale,3,Vitória
267,Siana,Lucienne,3,Vitória
279,Lulita,Lunsford,3,Vitória
292,Justinn,Vittoria,3,Vitória
312,Phedra,Keily,3,Vitória
316,Sindee,Clywd,3,Vitória
326,Charmaine,Boycey,3,Vitória
334,Christy,Torray,3,Vitória
346,Hayley,Anselmi,3,Vitória
360,Olivette,McGrody,3,Vitória
364,Estell,Fiann,3,Vitória
369,Lolita,Bendick,3,Vitória
372,Rochette,Turne,3,Vitória
376,Priscilla,Malvino,3,Vitória
384,Paola,Shaddock,3,Vitória
410,Averyl,Mauer,3,Vitória
423,Ernesta,Iphlgenia,3,Vitória
425,Gerianna,Granoff,3,Vitória
430,Addia,Swigart,3,Vitória
436,Joceline,Halsey,3,Vitória
437,Jolyn,Bonilla,3,Vitória
438,Cam,Fiann,3,Vitória
445,Nelle,Jarib,3,Vitória
453,Lorne,Means,3,Vitória
467,Hallie,Sherrie,3,Vitória
472,Shirlee,Edison,3,Vitória
495,Kaia,McGrody,3,Vitória
499,Cassondra,Gaynor,3,Vitória
503,Maye,Delp,3,Vitória
507,Helsa,Amadas,3,Vitória
508,Eve,Gavrila,3,Vitória
527,Max,Eiser,3,Vitória
539,Therine,Hieronymus,3,Vitória
543,Dorothy,Maiah,3,Vitória
546,Fina,Capello,3,Vitória
549,Malina,Havens,3,Vitória
575,Fanchon,Blase,3,Vitória
586,Ezmeralda,Latini,3,Vitória
114,Ericka,Terrence,4,Gaborone
115,Ethel,Romelda,4,Gaborone
123,Letizia,Borrell,4,Gaborone
124,Kayla,Gusella,4,Gaborone
128,Steffane,Liva,4,Gaborone
133,Christal,O'Carroll,4,Gaborone
136,Ezmeralda,Fink,4,Gaborone
149,Kristina,Cecile,4,Gaborone
164,Brietta,Estella,4,Gaborone
173,Ronna,Atcliffe,4,Gaborone
176,Sharai,Helve,4,Gaborone
180,Kerrin,Evvie,4,Gaborone
198,Meriel,Newell,4,Gaborone
199,Leona,Hachmin,4,Gaborone
202,Korrie,Thar,4,Gaborone
218,Marleah,Yorick,4,Gaborone
223,Selia,Carmena,4,Gaborone
253,Drucie,Jerold,4,Gaborone
254,Max,Thema,4,Gaborone
259,Sara-Ann,Gregrory,4,Gaborone
276,Roslyn,Susannah,4,Gaborone
283,Vivia,Constancy,4,Gaborone
287,Alie,Thema,4,Gaborone
299,Kellen,Klemperer,4,Gaborone
301,Hannis,Eiser,4,Gaborone
327,Molli,Pernick,4,Gaborone
337,Margarette,Aprile,4,Gaborone
342,Vere,Modie,4,Gaborone
353,Allis,Bandeen,4,Gaborone
354,Augustine,Amadas,4,Gaborone
357,Beverley,Euridice,4,Gaborone
368,Candy,Ogren,4,Gaborone
393,Cathie,Nerita,4,Gaborone
429,Candy,Ochs,4,Gaborone
450,Elsie,Giff,4,Gaborone
488,Nataline,Ummersen,4,Gaborone
501,Wanda,Joeann,4,Gaborone
511,Bill,Bakerman,4,Gaborone
517,Brana,Hunfredo,4,Gaborone
525,Linet,Waldron,4,Gaborone
552,Corry,Peg,4,Gaborone
556,Tina,Zetta,4,Gaborone
567,Harmonia,Hailee,4,Gaborone
568,Maisey,Bethany,4,Gaborone
570,Corly,Bow,4,Gaborone
589,Elmira,McAdams,4,Gaborone
101,Celestyna,Alisia,5,Fort-de-France
107,Nerta,Mehalek,5,Fort-de-France
108,Leanna,Oscar,5,Fort-de-France
112,Veda,Fink,5,Fort-de-France
121,Carlie,Pond,5,Fort-de-France
125,Linzy,Khorma,5,Fort-de-France
144,Kate,Uird,5,Fort-de-France
159,Ottilie,Malina,5,Fort-de-France
160,Shannah,Stefa,5,Fort-de-France
161,Harmonia,Michella,5,Fort-de-France
170,Priscilla,Kinnard,5,Fort-de-France
178,Edyth,Mandler,5,Fort-de-France
220,Rozele,Maurine,5,Fort-de-France
238,Cam,McClimans,5,Fort-de-France
256,Lorie,Horan,5,Fort-de-France
264,Marcelline,Elvyn,5,Fort-de-France
269,Johna,Lemuela,5,Fort-de-France
282,Laurene,Genna,5,Fort-de-France
286,Atlanta,Dyche,5,Fort-de-France
288,Estell,Brandice,5,Fort-de-France
302,Ileana,Seessel,5,Fort-de-France
304,Cindelyn,Keily,5,Fort-de-France
310,Mellicent,Kress,5,Fort-de-France
318,Charissa,Leopold,5,Fort-de-France
323,Vevay,Jacqui,5,Fort-de-France
324,Angela,Pascia,5,Fort-de-France
338,Joelly,Stilwell,5,Fort-de-France
339,Linet,Yusuk,5,Fort-de-France
347,Florencia,Cyrie,5,Fort-de-France
351,Clo,Kathie,5,Fort-de-France
359,Lindie,Verger,5,Fort-de-France
371,Tabbatha,Kenwood,5,Fort-de-France
385,Corly,Leifeste,5,Fort-de-France
387,Lexine,Fadiman,5,Fort-de-France
388,Kara-Lynn,Demitria,5,Fort-de-France
402,Dede,Elvyn,5,Fort-de-France
407,Pierette,Gower,5,Fort-de-France
415,Brandise,Winthorpe,5,Fort-de-France
418,Liana,Genna,5,Fort-de-France
421,Selma,Claudine,5,Fort-de-France
427,Blinni,Elephus,5,Fort-de-France
428,Tonia,Stefa,5,Fort-de-France
456,Shaine,Forrer,5,Fort-de-France
457,Kate,Mandler,5,Fort-de-France
459,Alex,Waite,5,Fort-de-France
473,Brandise,Othilia,5,Fort-de-France
477,Alia,Campball,5,Fort-de-France
478,Rosabelle,Stevy,5,Fort-de-France
520,Lacie,Allare,5,Fort-de-France
535,Sherrie,Wallis,5,Fort-de-France
538,Roslyn,Ietta,5,Fort-de-France
550,Shel,Hunfredo,5,Fort-de-France
553,Elise,Alva,5,Fort-de-France
574,Averyl,Holtz,5,Fort-de-France
596,Blake,Buckler,5,Fort-de-France
597,Ericka,Campball,5,Fort-de-France
103,Penelopa,Hertzfeld,6,Minsk
113,Elmira,Read,6,Minsk
130,Carol-Jean,Letsou,6,Minsk
147,Adelle,Reidar,6,Minsk
152,Eve,Dahlia,6,Minsk
157,Damaris,Monk,6,Minsk
184,Lita,Torray,6,Minsk
189,Bernardine,Edvard,6,Minsk
215,Ebonee,Telfer,6,Minsk
222,Isa,Roumell,6,Minsk
232,Jenilee,Fulmer,6,Minsk
234,Diena,Mandler,6,Minsk
235,Ida,Parette,6,Minsk
246,Gisela,Matthew,6,Minsk
266,Magdalena,Kalinda,6,Minsk
289,Sonni,Macey,6,Minsk
329,Almeta,Hazlett,6,Minsk
340,Brena,Ellord,6,Minsk
352,Beverley,Rosalba,6,Minsk
358,Jennica,Erskine,6,Minsk
379,Mamie,Merat,6,Minsk
380,Romona,Eben,6,Minsk
381,Glenda,Zola,6,Minsk
382,Brianna,Naor,6,Minsk
386,Helsa,Stefa,6,Minsk
389,Georgetta,Jerald,6,Minsk
392,Tressa,Santoro,6,Minsk
420,Pollyanna,August,6,Minsk
424,Robbi,Lamoree,6,Minsk
435,Catrina,Tound,6,Minsk
455,Bibby,Ader,6,Minsk
471,Hope,Delila,6,Minsk
479,Danny,Naashom,6,Minsk
480,Therine,Graig,6,Minsk
486,Florencia,Brackely,6,Minsk
493,Lorie,Kiyoshi,6,Minsk
498,Darci,Federica,6,Minsk
502,Randa,Vivle,6,Minsk
510,Cherilyn,Brodench,6,Minsk
512,Melina,Ralfston,6,Minsk
529,Sissy,Peg,6,Minsk
533,Rosene,Henrie,6,Minsk
534,Valli,Pillsbury,6,Minsk
540,Christy,Strephon,6,Minsk
541,Sidoney,Nadia,6,Minsk
554,Cherilyn,Meter,6,Minsk
555,Susan,Sheedy,6,Minsk
562,Catharine,Emmy,6,Minsk
565,Nariko,Cherianne,6,Minsk
566,Annora,Granoff,6,Minsk
569,Lanna,Linskey,6,Minsk
576,Alisha,Si,6,Minsk
579,Nataline,Gaulin,6,Minsk
580,Ariela,Lory,6,Minsk
595,Flo,Loring,6,Minsk
100,Lelah,Madaih,7,Adak
122,Carol-Jean,Lynn,7,Adak
139,Vivia,Kirstin,7,Adak
145,Esmeralda,Slifka,7,Adak
148,Joy,Terencio,7,Adak
151,Kellen,Annice,7,Adak
169,Taffy,Zenas,7,Adak
174,Nelle,Rurik,7,Adak
183,Ernesta,Cosenza,7,Adak
191,Bettine,Toor,7,Adak
192,Sadie,Oscar,7,Adak
194,Ayn,Han,7,Adak
197,Inga,Sacken,7,Adak
203,Brooks,Garek,7,Adak
206,Kittie,Lilas,7,Adak
212,Wynne,Masao,7,Adak
221,Amii,Fry,7,Adak
229,Patricia,Gamaliel,7,Adak
233,Candi,Carbo,7,Adak
250,Edith,Dannye,7,Adak
263,Desirae,Zeeba,7,Adak
273,Delilah,Birdella,7,Adak
311,Nananne,Septima,7,Adak
314,Tybie,Thornburg,7,Adak
321,Carree,Jammal,7,Adak
332,Delilah,Ade,7,Adak
355,Tabbatha,Olnee,7,Adak
377,Elora,Kannry,7,Adak
378,Ada,Orlene,7,Adak
395,Lonnie,Bobbee,7,Adak
400,Rubie,Kauppi,7,Adak
401,Mady,Francyne,7,Adak
411,Jan,Fairweather,7,Adak
432,Genevra,Deegan,7,Adak
441,Sheree,Zetta,7,Adak
443,Mildrid,Autrey,7,Adak
458,Rhoda,Adalbert,7,Adak
474,Marjie,Fosque,7,Adak
484,Penelopa,Charity,7,Adak
489,Kimberley,Wittie,7,Adak
496,Kassey,Hertzfeld,7,Adak
530,Gretal,Selway,7,Adak
599,Max,Donell,7,Adak
140,Joceline,Ortrude,8,Warsaw
141,Annabela,Odysseus,8,Warsaw
155,Thalia,Faust,8,Warsaw
158,Philis,Krystle,8,Warsaw
163,Georgina,Monaco,8,Warsaw
165,Sybille,Judye,8,Warsaw
166,Shauna,Pettiford,8,Warsaw
171,Hildegaard,Forrer,8,Warsaw
187,Kaja,Dex,8,Warsaw
195,Kerrin,Johnsson,8,Warsaw
214,Tatiania,Chem,8,Warsaw
217,Florie,Gert,8,Warsaw
226,Margarette,Turne,8,Warsaw
227,Teddie,Emerson,8,Warsaw
241,Jere,Goode,8,Warsaw
248,Joy,Roscoe,8,Warsaw
258,Nickie,Lea,8,Warsaw
271,Madelle,Wilkinson,8,Warsaw
272,Margalo,Ashely,8,Warsaw
280,Caryl,Korey,8,Warsaw
303,Elbertina,Romelda,8,Warsaw
306,Karly,Vharat,8,Warsaw
309,Hayley,Ajay,8,Warsaw
313,Jacenta,Hoenack,8,Warsaw
336,Edith,Koehler,8,Warsaw
343,Gilda,Luhe,8,Warsaw
363,Elmira,Natalia,8,Warsaw
370,Ofilia,Wilkinson,8,Warsaw
391,Aurore,Waldron,8,Warsaw
394,Di,Fry,8,Warsaw
396,Katleen,Septima,8,Warsaw
406,Rori,Couture,8,Warsaw
409,Catrina,Shelba,8,Warsaw
414,Zaria,Kauppi,8,Warsaw
440,Cam,Ries,8,Warsaw
464,Lynde,Helfand,8,Warsaw
483,Emma,Hillel,8,Warsaw
494,Lucille,Cohdwell,8,Warsaw
506,Gui,Gerge,8,Warsaw
515,Molli,Heisel,8,Warsaw
518,Edee,Horan,8,Warsaw
544,Lynea,Curren,8,Warsaw
547,Kathy,Fadiman,8,Warsaw
571,Lenna,Gilmour,8,Warsaw
598,Vere,Slifka,8,Warsaw
110,Yolane,Dearborn,9,New York
117,Gale,Leonard,9,New York
118,Romona,Damarra,9,New York
127,Lynea,Arne,9,New York
132,Antonietta,O'Carroll,9,New York
143,Petronia,Brian,9,New York
154,Bettine,Zaslow,9,New York
167,Janis,Brodench,9,New York
204,Clo,Cimbura,9,New York
209,Claresta,Izaak,9,New York
210,Belinda,Edee,9,New York
225,Georgina,Ricarda,9,New York
237,Sophia,Ortrude,9,New York
243,Neila,Silvan,9,New York
245,Dyann,Fax,9,New York
251,Andeee,Whittaker,9,New York
260,Jessy,Isidore,9,New York
262,Stephanie,Aldric,9,New York
265,Aigneis,Revkah,9,New York
275,Elka,Sisile,9,New York
277,Sam,Susannah,9,New York
293,Sheree,Heidt,9,New York
295,Mamie,Pozzy,9,New York
296,Clementine,Melleta,9,New York
315,Bernardine,Brittani,9,New York
317,Sam,Rossner,9,New York
319,Sharai,Uund,9,New York
322,Patricia,Gower,9,New York
328,Ebonee,Gahl,9,New York
344,Sharai,Shama,9,New York
348,Susan,Brenn,9,New York
361,Nananne,Serilda,9,New York
375,Gisela,Alwin,9,New York
390,Etta,Klemperer,9,New York
403,Chandra,Edee,9,New York
416,Angela,Publia,9,New York
419,Alex,Hieronymus,9,New York
434,Aeriela,Klotz,9,New York
451,Cyb,Amand,9,New York
454,Janey,Mott,9,New York
466,Christal,Grosz,9,New York
497,Lisette,Sikorski,9,New York
500,Kial,Darian,9,New York
505,Consuela,Ferrell,9,New York
509,Lorne,Sheng,9,New York
514,Stacey,Deny,9,New York
521,Halette,Gaspard,9,New York
523,Abbie,Adamsen,9,New York
526,Tabbatha,Crudden,9,New York
532,Ariela,Alwin,9,New York
537,Renae,Hourigan,9,New York
542,Valera,Codding,9,New York
545,Melodie,Hourigan,9,New York
557,Vita,Quent,9,New York
559,Leontine,Tengdin,9,New York
563,Jany,Sibyls,9,New York
582,Jillayne,Burch,9,New York
587,Raina,Yam,9,New York
588,Barbara,Katrine,9,New York
109,Deedee,Sekofski,10,Toronto
111,Helsa,Engdahl,10,Toronto
119,Letizia,Grimbly,10,Toronto
120,Dorice,Annabella,10,Toronto
135,Jsandye,Pillsbury,10,Toronto
153,Andree,Deegan,10,Toronto
175,Corry,Olnee,10,Toronto
179,Millie,Keily,10,Toronto
186,Barbi,Kauppi,10,Toronto
207,Gabi,Susannah,10,Toronto
208,Juliane,Alrich,10,Toronto
224,Corly,Naashom,10,Toronto
231,Donetta,Woodberry,10,Toronto
247,Clo,Gaulin,10,Toronto
249,Dennie,Syd,10,Toronto
261,Roseline,Edmund,10,Toronto
281,Lila,Ferino,10,Toronto
300,Kimberley,Kimmie,10,Toronto
307,Sara-Ann,Craggie,10,Toronto
333,Cam,Niles,10,Toronto
335,Ursulina,Yuille,10,Toronto
349,Merle,Romelda,10,Toronto
350,Tina,Berl,10,Toronto
356,Xylina,Niles,10,Toronto
362,Aigneis,Mallon,10,Toronto
365,Marnia,Edison,10,Toronto
366,Emylee,Cath,10,Toronto
374,Sharlene,Toffic,10,Toronto
426,Ingrid,Jalbert,10,Toronto
433,Rochette,Sancho,10,Toronto
442,Ermengarde,Ehrman,10,Toronto
444,Karlee,Kaete,10,Toronto
452,Korrie,Weide,10,Toronto
481,Helsa,Gabrielli,10,Toronto
487,Lory,Melony,10,Toronto
490,Allyce,Catie,10,Toronto
491,Wileen,Hollingsworth,10,Toronto
516,Arlina,Lorain,10,Toronto
519,Chandra,Brandice,10,Toronto
564,Starla,Rosette,10,Toronto
573,Shaine,Pacorro,10,Toronto
578,Dari,Timon,10,Toronto
581,Jessy,Kannry,10,Toronto
584,Consuela,Syd,10,Toronto
585,Vevay,Toffic,10,Toronto
