id,firstname,lastname,cityId
100,Lelah,Madaih,7
101,Celestyna,Alisia,5
102,Sharai,Arathorn,3
103,Penelopa,Hertzfeld,6
104,Genovera,Sparhawk,1
105,Harrietta,Halla,1
106,Tamqrah,Schroth,3
107,Nerta,Mehalek,5
108,Leanna,Oscar,5
109,Deedee,Sekofski,10
110,Yolane,Dearborn,9
111,Helsa,Engdahl,10
112,Veda,Fink,5
113,Elmira,Read,6
114,Ericka,Terrence,4
115,Ethel,Romelda,4
116,Flo,Donell,2
117,Gale,Leonard,9
118,Romona,Damarra,9
119,Letizia,Grimbly,10
120,Dorice,Annabella,10
121,Carlie,Pond,5
122,Carol-Jean,Lynn,7
123,Letizia,Borrell,4
124,Kayla,Gusella,4
125,Linzy,Khorma,5
126,Chickie,Carleen,3
127,Lynea,Arne,9
128,Steffane,Liva,4
129,Selma,Gemini,3
130,Carol-Jean,Letsou,6
131,Darlleen,Glenden,3
132,Antonietta,O'Carroll,9
133,Christal,O'Carroll,4
134,Madelle,Chesna,1
135,Jsandye,Pillsbury,10
136,Ezmeralda,Fink,4
137,Nita,Sandye,1
138,Lanae,Morehouse,3
139,Vivia,Kirstin,7
140,Joceline,Ortrude,8
141,Annabela,Odysseus,8
142,Bibby,MacIntosh,1
143,Petronia,Brian,9
144,Kate,Uird,5
145,Esmeralda,Slifka,7
146,Kathi,Holbrook,3
147,Adelle,Reidar,6
148,Joy,Terencio,7
149,Kristina,Cecile,4
150,Stevana,Cottle,1
151,Kellen,Annice,7
152,Eve,Dahlia,6
153,Andree,Deegan,10
154,Bettine,Zaslow,9
155,Thalia,Faust,8
156,Yvonne,Peti,3
157,Damaris,Monk,6
158,Philis,Krystle,8
159,Ottilie,Malina,5
160,Shannah,Stefa,5
161,Harmonia,Michella,5
162,Britte,Pyle,1
163,Georgina,Monaco,8
164,Brietta,Estella,4
165,Sybille,Judye,8
166,Shauna,Pettiford,8
167,Janis,Brodench,9
168,Tobe,Orlene,3
169,Taffy,Zenas,7
170,Priscilla,Kinnard,5
171,Hildegaard,Forrer,8
172,Cherilyn,Bivins,1
173,Ronna,Atcliffe,4
174,Nelle,Rurik,7
175,Corry,Olnee,10
176,Sharai,Helve,4
177,Karly,Genna,3
178,Edyth,Mandler,5
179,Millie,Keily,10
180,Kerrin,Evvie,4
181,Gerrie,Sidonius,2
182,Berget,Corilla,3
183,Ernesta,Cosenza,7
184,Lita,Torray,6
185,Kristan,Jess,2
186,Barbi,Kauppi,10
187,Kaja,Dex,8
188,Doro,Tacye,3
189,Bernardine,Edvard,6
190,Jobi,Persse,1
191,Bettine,Toor,7
192,Sadie,Oscar,7
193,Cristine,Peti,3
194,Ayn,Han,7
195,Kerrin,Johnsson,8
196,Sashenka,Sibyls,1
197,Inga,Sacken,7
198,Meriel,Newell,4
199,Leona,Hachmin,4
200,Mary,Kauppi,1
201,Rayna,Cressida,2
202,Korrie,Thar,4
203,Brooks,Garek,7
204,Clo,Cimbura,9
205,Cecile,Lauraine,2
206,Kittie,Lilas,7
207,Gabi,Susannah,10
208,Juliane,Alrich,10
209,Claresta,Izaak,9
210,Belinda,Edee,9
211,Ninnetta,Papageno,3
212,Wynne,Masao,7
213,Yetty,Swanhildas,1
214,Tatiania,Chem,8
215,Ebonee,Telfer,6
216,Viki,Magnolia,3
217,Florie,Gert,8
218,Marleah,Yorick,4
219,Orelia,Gerge,2
220,Rozele,Maurine,5
221,Amii,Fry,7
222,Isa,Roumell,6
223,Selia,Carmena,4
224,Corly,Naashom,10
225,Georgina,Ricarda,9
226,Margarette,Turne,8
227,Teddie,Emerson,8
228,Kittie,Arley,1
229,Patricia,Gamaliel,7
230,Eve,Hillel,2
231,Donetta,Woodberry,10
232,Jenilee,Fulmer,6
233,Candi,Carbo,7
234,Diena,Mandler,6
235,Ida,Parette,6
236,Tani,Reidar,1
237,Sophia,Ortrude,9
238,Cam,McClimans,5
239,Sindee,Kazimir,3
240,Britni,Dulciana,3
241,Jere,Goode,8
242,Giustina,Carri,3
243,Neila,Silvan,9
244,Katleen,Phaidra,3
245,Dyann,Fax,9
246,Gisela,Matthew,6
247,Clo,Gaulin,10
248,Joy,Roscoe,8
249,Dennie,Syd,10
250,Edith,Dannye,7
251,Andeee,Whittaker,9
252,Ninnetta,Vale,3
253,Drucie,Jerold,4
254,Max,Thema,4
255,Loree,Dannye,1
256,Lorie,Horan,5
257,Yvonne,Ciro,2
258,Nickie,Lea,8
259,Sara-Ann,Gregrory,4
260,Jessy,Isidore,9
261,Roseline,Edmund,10
262,Stephanie,Aldric,9
263,Desirae,Zeeba,7
264,Marcelline,Elvyn,5
265,Aigneis,Revkah,9
266,Magdalena,Kalinda,6
267,Siana,Lucienne,3
268,Marcelline,Jess,2
269,Johna,Lemuela,5
270,Dagmar,Schenck,1
271,Madelle,Wilkinson,8
272,Margalo,Ashely,8
273,Delilah,Birdella,7
274,Elora,Nelsen,2
275,Elka,Sisile,9
276,Roslyn,Susannah,4
277,Sam,Susannah,9
278,Sadie,Nikaniki,2
279,Lulita,Lunsford,3
280,Caryl,Korey,8
281,Lila,Ferino,10
282,Laurene,Genna,5
283,Vivia,Constancy,4
284,Molli,Anselmi,2
285,Wileen,Natalia,1
286,Atlanta,Dyche,5
287,Alie,Thema,4
288,Estell,Brandice,5
289,Sonni,Macey,6
290,Ayn,Virgin,2
291,Kimberley,Hoban,1
292,Justinn,Vittoria,3
293,Sheree,Heidt,9
294,Bill,Hillel,1
295,Mamie,Pozzy,9
296,Clementine,Melleta,9
297,Georgetta,O'Neill,2
298,Marika,Hathaway,2
299,Kellen,Klemperer,4
300,Kimberley,Kimmie,10
301,Hannis,Eiser,4
302,Ileana,Seessel,5
303,Elbertina,Romelda,8
304,Cindelyn,Keily,5
305,Tressa,Berriman,1
306,Karly,Vharat,8
307,Sara-Ann,Craggie,10
308,Danika,Jalbert,2
309,Hayley,Ajay,8
310,Mellicent,Kress,5
311,Nananne,Septima,7
312,Phedra,Keily,3
313,Jacenta,Hoenack,8
314,Tybie,Thornburg,7
315,Bernardine,Brittani,9
316,Sindee,Clywd,3
317,Sam,Rossner,9
318,Charissa,Leopold,5
319,Sharai,Uund,9
320,Janey,McNully,1
321,Carree,Jammal,7
322,Patricia,Gower,9
323,Vevay,Jacqui,5
324,Angela,Pascia,5
325,Florie,Stilwell,1
326,Charmaine,Boycey,3
327,Molli,Pernick,4
328,Ebonee,Gahl,9
329,Almeta,Hazlett,6
330,Elena,August,1
331,Wilma,Obed,1
332,Delilah,Ade,7
333,Cam,Niles,10
334,Christy,Torray,3
335,Ursulina,Yuille,10
336,Edith,Koehler,8
337,Margarette,Aprile,4
338,Joelly,Stilwell,5
339,Linet,Yusuk,5
340,Brena,Ellord,6
341,Jeanna,Martsen,2
342,Vere,Modie,4
343,Gilda,Luhe,8
344,Sharai,Shama,9
345,Iseabal,Robertson,2
346,Hayley,Anselmi,3
347,Florencia,Cyrie,5
348,Susan,Brenn,9
349,Merle,Romelda,10
350,Tina,Berl,10
351,Clo,Kathie,5
352,Beverley,Rosalba,6
353,Allis,Bandeen,4
354,Augustine,Amadas,4
355,Tabbatha,Olnee,7
356,Xylina,Niles,10
357,Beverley,Euridice,4
358,Jennica,Erskine,6
359,Lindie,Verger,5
360,Olivette,McGrody,3
361,Nananne,Serilda,9
362,Aigneis,Mallon,10
363,Elmira,Natalia,8
364,Estell,Fiann,3
365,Marnia,Edison,10
366,Emylee,Cath,10
367,Dorthy,Jorgan,1
368,Candy,Ogren,4
369,Lolita,Bendick,3
370,Ofilia,Wilkinson,8
371,Tabbatha,Kenwood,5
372,Rochette,Turne,3
373,Dari,Hachmin,2
374,Sharlene,Toffic,10
375,Gisela,Alwin,9
376,Priscilla,Malvino,3
377,Elora,Kannry,7
378,Ada,Orlene,7
379,Mamie,Merat,6
380,Romona,Eben,6
381,Glenda,Zola,6
382,Brianna,Naor,6
383,Binny,Bury,2
384,Paola,Shaddock,3
385,Corly,Leifeste,5
386,Helsa,Stefa,6
387,Lexine,Fadiman,5
388,Kara-Lynn,Demitria,5
389,Georgetta,Jerald,6
390,Etta,Klemperer,9
391,Aurore,Waldron,8
392,Tressa,Santoro,6
393,Cathie,Nerita,4
394,Di,Fry,8
395,Lonnie,Bobbee,7
396,Katleen,Septima,8
397,Nonnah,Lipson,2
398,Theodora,Lory,1
399,Ashlee,Cohdwell,2
400,Rubie,Kauppi,7
401,Mady,Francyne,7
402,Dede,Elvyn,5
403,Chandra,Edee,9
404,Fredericka,Marsden,1
405,Valli,Cordi,1
406,Rori,Couture,8
407,Pierette,Gower,5
408,Ronna,Maroney,2
409,Catrina,Shelba,8
410,Averyl,Mauer,3
411,Jan,Fairweather,7
412,Marita,Hubert,2
413,Berget,Elsinore,1
414,Zaria,Kauppi,8
415,Brandise,Winthorpe,5
416,Angela,Publia,9
417,Binny,Cressida,2
418,Liana,Genna,5
419,Alex,Hieronymus,9
420,Pollyanna,August,6
421,Selma,Claudine,5
422,Sean,Magnolia,2
423,Ernesta,Iphlgenia,3
424,Robbi,Lamoree,6
425,Gerianna,Granoff,3
426,Ingrid,Jalbert,10
427,Blinni,Elephus,5
428,Tonia,Stefa,5
429,Candy,Ochs,4
430,Addia,Swigart,3
431,Norine,Kamaria,2
432,Genevra,Deegan,7
433,Rochette,Sancho,10
434,Aeriela,Klotz,9
435,Catrina,Tound,6
436,Joceline,Halsey,3
437,Jolyn,Bonilla,3
438,Cam,Fiann,3
439,Meghann,Daniele,1
440,Cam,Ries,8
441,Sheree,Zetta,7
442,Ermengarde,Ehrman,10
443,Mildrid,Autrey,7
444,Karlee,Kaete,10
445,Nelle,Jarib,3
446,Berget,Hachmin,2
447,Moyna,Levey,2
448,Bibby,Amand,1
449,Katuscha,Bobbee,2
450,Elsie,Giff,4
451,Cyb,Amand,9
452,Korrie,Weide,10
453,Lorne,Means,3
454,Janey,Mott,9
455,Bibby,Ader,6
456,Shaine,Forrer,5
457,Kate,Mandler,5
458,Rhoda,Adalbert,7
459,Alex,Waite,5
460,Dacia,Guildroy,1
461,Laure,Stevy,1
462,Brana,Nedrud,2
463,Chere,Ralfston,1
464,Lynde,Helfand,8
465,Florencia,Forrer,2
466,Christal,Grosz,9
467,Hallie,Sherrie,3
468,Chere,Raseda,1
469,Arlina,Tannie,1
470,Mildrid,Lia,1
471,Hope,Delila,6
472,Shirlee,Edison,3
473,Brandise,Othilia,5
474,Marjie,Fosque,7
475,Kristina,Winnick,1
476,Thalia,Shuler,1
477,Alia,Campball,5
478,Rosabelle,Stevy,5
479,Danny,Naashom,6
480,Therine,Graig,6
481,Helsa,Gabrielli,10
482,Margalo,Phyllis,2
483,Emma,Hillel,8
484,Penelopa,Charity,7
485,Olwen,Docilla,1
486,Florencia,Brackely,6
487,Lory,Melony,10
488,Nataline,Ummersen,4
489,Kimberley,Wittie,7
490,Allyce,Catie,10
491,Wileen,Hollingsworth,10
492,Juliane,Izaak,2
493,Lorie,Kiyoshi,6
494,Lucille,Cohdwell,8
495,Kaia,McGrody,3
496,Kassey,Hertzfeld,7
497,Lisette,Sikorski,9
498,Darci,Federica,6
499,Cassondra,Gaynor,3
500,Kial,Darian,9
501,Wanda,Joeann,4
502,Randa,Vivle,6
503,Maye,Delp,3
504,Kaja,Thunell,1
505,Consuela,Ferrell,9
506,Gui,Gerge,8
507,Helsa,Amadas,3
508,Eve,Gavrila,3
509,Lorne,Sheng,9
510,Cherilyn,Brodench,6
511,Bill,Bakerman,4
512,Melina,Ralfston,6
513,Elvira,Lea,2
514,Stacey,Deny,9
515,Molli,Heisel,8
516,Arlina,Lorain,10
517,Brana,Hunfredo,4
518,Edee,Horan,8
519,Chandra,Brandice,10
520,Lacie,Allare,5
521,Halette,Gaspard,9
522,Ida,Fleeta,1
523,Abbie,Adamsen,9
524,Brooks,Stevy,1
525,Linet,Waldron,4
526,Tabbatha,Crudden,9
527,Max,Eiser,3
528,Evaleen,Haerr,2
529,Sissy,Peg,6
530,Gretal,Selway,7
531,Gisela,Darrell,2
532,Ariela,Alwin,9
533,Rosene,Henrie,6
534,Valli,Pillsbury,6
535,Sherrie,Wallis,5
536,Caritta,Ader,1
537,Renae,Hourigan,9
538,Roslyn,Ietta,5
539,Therine,Hieronymus,3
540,Christy,Strephon,6
541,Sidoney,Nadia,6
542,Valera,Codding,9
543,Dorothy,Maiah,3
544,Lynea,Curren,8
545,Melodie,Hourigan,9
546,Fina,Capello,3
547,Kathy,Fadiman,8
548,Anica,Pelagias,1
549,Malina,Havens,3
550,Shel,Hunfredo,5
551,Fernande,Ventre,2
552,Corry,Peg,4
553,Elise,Alva,5
554,Cherilyn,Meter,6
555,Susan,Sheedy,6
556,Tina,Zetta,4
557,Vita,Quent,9
558,Alameda,Grosz,1
559,Leontine,Tengdin,9
560,Paule,Marcellus,2
561,Meghann,Screens,1
562,Catharine,Emmy,6
563,Jany,Sibyls,9
564,Starla,Rosette,10
565,Nariko,Cherianne,6
566,Annora,Granoff,6
567,Harmonia,Hailee,4
568,Maisey,Bethany,4
569,Lanna,Linskey,6
570,Corly,Bow,4
571,Lenna,Gilmour,8
572,Melanie,Jehu,1
573,Shaine,Pacorro,10
574,Averyl,Holtz,5
575,Fanchon,Blase,3
576,Alisha,Si,6
577,Lenna,Bohlin,2
578,Dari,Timon,10
579,Nataline,Gaulin,6
580,Ariela,Lory,6
581,Jessy,Kannry,10
582,Jillayne,Burch,9
583,Camile,Olin,1
584,Consuela,Syd,10
585,Vevay,Toffic,10
586,Ezmeralda,Latini,3
587,Raina,Yam,9
588,Barbara,Katrine,9
589,Elmira,McAdams,4
590,Anestassia,Hurley,1
591,Annora,Wareing,1
592,Dennie,Pattin,2
593,Ellette,McClimans,2
594,Anica,Lowry,1
595,Flo,Loring,6
596,Blake,Buckler,5
597,Ericka,Campball,5
598,Vere,Slifka,8
599,Max,Donell,7